	sample_1	sample_2	sample_3	sample_4	sample_5	sample_6	sample_7	sample_8	sample_9	sample_10	sample_11	sample_12	sample_13	sample_14	sample_15	sample_16	sample_17	sample_18	sample_19	sample_20	sample_21	sample_22	sample_23	sample_24	sample_25	sample_26	sample_27	sample_28	sample_29	sample_30	sample_31	sample_32	sample_33	sample_34	sample_35	sample_36	sample_37	sample_38	sample_39	sample_40	sample_41	sample_42	sample_43	sample_44	sample_45	sample_46	sample_47	sample_48	sample_49	sample_50	sample_51	sample_52	sample_53	sample_54	sample_55	sample_56	sample_57	sample_58	sample_59	sample_60	sample_61	sample_62	sample_63	sample_64	sample_65	sample_66	sample_67	sample_68	sample_69	sample_70	sample_71	sample_72	sample_73	sample_74	sample_75	sample_76	sample_77	sample_78	sample_79	sample_80	sample_81	sample_82	sample_83	sample_84	sample_85
motif_1	0.01794129122524482	-0.9966362192224298	0.10092835083013567	-0.3725226968401297	1.193682364859552	-1.5450070035557624	1.0530423432692315	0.37047421360197613	-0.3407624743427851	-0.9958378652224933	-0.4419197954006636	0.6147318774084718	-0.07143938596338277	0.4734823058052876	-0.41569080876058584	-0.5188413072589827	0.07965169665185219	-0.8519792220064812	0.5285791894921591	0.9564114179210089	-0.43692530143345715	-2.5738837255301017	-1.6766096307018716	2.1851568429158172	1.113094589544009	2.4839567543945438	-0.12574407260410864	0.10763283661136064	0.46530485811056177	0.4426863668819135	0.6821429718758361	1.5929608995509663	-1.0201982489418384	0.35421152531372896	-0.8698047152410548	0.8299626619487065	0.34249638674585764	-0.3844250462134202	-0.09987992815528701	0.6551950592424064	0.035754817250392916	-1.161155931553225	-2.638999560185896	0.530288556413423	0.04091712119902035	1.4619825939596107	0.19542809312413031	2.2306686226049637	0.7457130849791892	-0.7702664306339603	-0.6316422625500304	-1.5654334440556639	0.33301002097515126	0.1940646813549251	-0.6736648393129177	0.06362449865395167	0.5382145748151776	-0.09795731537395441	1.7327281027367258	0.515115664525268	2.2192906164785873	-0.10484344691127301	-0.666397137037678	0.20922987312645905	1.123714042098993	0.26924973493519666	1.6623913773208119	0.29738710829053144	-2.0107175331754608	1.9508329183168929	0.2780812605762053	-0.3686546984933149	0.5051271333731427	1.5226419197169456	-0.2720083949359551	0.49128855891949696	-0.7362117541684032	2.3486099402398364	0.681061505794847	0.2519058059819706	-0.7730697934068463	-0.19158482668454369	-0.532785306502647	1.0772419116533123	0.6351527569278903
motif_2	-1.1213291372057617	-0.5454846711806725	-1.4742992996438566	1.4682692712424417	0.19569517575206885	1.504106507286726	-0.5251907424148401	-0.2001491647324429	0.6340860297782387	0.7994500000477333	1.126212755722323	-2.0365355760834687	1.046553492838102	-1.0588570250532954	-0.09149021986104615	-1.6654375852233478	1.4521482487884947	0.049814612505786685	-0.21291246237182576	-0.1030700793139493	-0.3442768725160363	0.5819761676280094	-0.45261144895479216	-1.0317707702449896	-1.0990053224986165	-0.36014580296154364	-0.146341800943762	0.8451068447366236	1.0205043061450096	-0.9330659685259817	-1.2046807526935128	-1.1664711587834589	-0.8225522804352933	-1.1631651120795794	-0.9134898467492107	0.3974649095111255	-0.6581162423177634	1.581281576434786	-0.34954209221477367	0.4187794726287671	0.5671199054493566	0.4025019565995886	0.2089968304922022	-2.31970346967555	-0.750890814062222	-0.996368989399668	-0.1109706942815353	1.4189076137669039	0.0022979991929718956	0.6079490206482637	0.02772938286404054	-1.1701550929628601	1.1868829479984289	0.09802684076824258	-0.2179097399248232	-0.7819433737292085	0.26265108614757876	-0.39167396752837824	1.023186529901271	1.7012477241671882	-0.23017728795764156	0.03102802607832186	-0.2627425124784762	-0.5509950394450891	0.10591555628920848	-0.4293588678316151	0.34643430609681797	0.1988852186973919	-0.5224977937089548	2.355419949899447	2.241672350284372	0.2430407673383737	0.6751667589563	-0.2526865604724916	-1.162803126216054	-0.30639181488453815	0.9915751230977252	0.2509906840961205	0.12275542828457149	-0.10742813884763262	-0.26580477072982556	1.033870844312479	-0.11703321384374872	-2.3541342249692048	1.3185958822072876
motif_3	0.5848382786952883	-0.6877989929233318	-0.8201268151582631	-1.2034265259566304	-0.5204183886621643	-0.8207915605726533	-0.49227409133140154	1.3474370987245952	2.3941948645589712	0.7228104342023782	0.434360451714696	-2.2721476572699997	1.4018877556075051	-1.89704827950278	-0.3002559497254553	0.07744236238107154	-1.1534054989457203	0.6802981954470713	0.16157620279999207	0.8811387785007038	-1.2528088775567903	-0.9358676011781439	-0.27940887180354906	-3.1059641229954105	-0.1463827909952108	-1.4106791866179995	-1.3256730374424464	1.0859895587532389	-0.6875405287204109	-0.4322891757444992	1.0831243406354727	-0.5152344634651619	1.0379800470470573	-0.7951371289515466	-0.39273380059077484	0.09435048195219074	-1.0296538538138225	-0.2169379146762004	0.4661659476619196	-0.545913098550953	2.1863322807220356	1.7809500382645058	0.22156988315415901	0.7464043025992206	-0.016785747680731454	-0.5866504589046152	-0.07587518308167833	0.8395440049109102	0.09773865179398976	2.3639060872294726	-0.810284630468441	2.891350547211441	2.377000347661448	0.8427251709330389	0.45696939860412145	-1.7286150404265783	-1.3122249921876836	0.7249067118015423	0.20760573600701643	-1.2962800332418531	-0.913964522884509	-0.6913829940303472	0.3533048871453656	-0.05474090642098175	-0.27784491679770684	-1.6612963523680877	-1.087328501456501	-0.6934420554049003	0.4338943507792353	-0.017625234011839616	2.719844390239005	1.4200787904298946	0.1410785207982096	1.8381162601081154	-1.4363117817570306	0.4932128450346543	1.0594985087353976	-0.07890789463115695	-0.3481506890856388	-0.2806485110995982	0.27155848513895636	1.191842048305073	0.6638210687890536	0.30253183284357454	1.1697117262559302
motif_4	0.3207071595795569	-0.039349540072037885	-0.15155057820058349	-2.639423552875207	-0.9472134685472267	-1.4092017023399854	0.36688655897412176	2.156547736401638	-0.7712409471782213	0.2728299054095996	1.1793007552017243	-1.142787917316715	-0.40882133784411423	-0.7760013074616152	0.09612639224307415	-0.5717861393189415	1.31016997017972	1.3896699985614478	0.6499885615705221	-0.20667555157549175	-0.7578371096039493	-0.9672242247903955	-0.8557780062940668	0.902489964093772	0.3397187115889068	0.43199987790258687	1.698933185005478	0.025019622049514818	-0.3133866993210573	-0.7728530167580581	-0.17839385611426725	2.1673635201144648	-0.6262459305972943	-0.03808492315420556	-0.6240723877267247	-0.9226759531084768	-1.5443027292459177	1.069959188519236	0.579377054467404	0.6147371823839748	-1.0747562831070747	0.8258010992915219	-0.017002459529532273	-1.2424345384594306	1.2038108808515045	-2.2815594220547473	0.12955481098532476	0.07625321077640768	-1.4618973397587975	0.5441069197359483	-0.5722377390279374	-0.5334282586991533	1.1928304351410663	-1.3344385945491888	-0.8131067374635172	-1.1651312241663219	0.18178782297570403	-0.6628957733098745	-2.121420891938632	0.04780722314667293	0.5109802466680952	-0.18477806264020374	-0.19451937575190414	-0.4515002751896298	-1.5813713314105124	1.5855486738399327	-1.1806965937655907	1.0037819458125063	-0.004459099822478069	0.3883850516696643	-0.24518481701433456	-0.890040971521245	1.0284417671233432	0.9658974380013899	0.4719215989340934	0.21419425151081464	0.2792709834805668	0.11613316204090636	-0.07425589762970403	0.8557469375188763	0.6981637030219219	0.9559096396736182	-0.3031617018255888	1.4800773003056016	-1.358606619632595
motif_5	1.741103326133791	-0.24666182639003015	-0.08305104459792348	0.10190030792634543	0.8106527299101155	-0.8603061081577078	0.16320588448960613	2.5933523392194036	-0.3176019682038901	0.22954966500323856	-0.5914231112792376	-2.1309730099888	0.42841526699185195	0.40168667619552567	0.9209052168990556	-0.8200723978704944	0.29729562428801765	0.06533145628602263	1.1571941774790517	-0.15326648218278402	0.3993987875944611	0.3808059352817189	-1.2498713133755168	1.284540620459477	-0.01720925208064463	-1.6499052765251947	-0.47375677286645	-1.033400058090797	0.8356989822185344	-0.27761385789241666	-1.5159804866658049	-0.64683098821959	1.0379963005884292	0.7382629839939461	-0.07658218541686071	1.9780461536585088	-0.5700909299836109	-0.17888722091949927	-2.1694630046839434	-0.9831926936239642	-1.194098889021047	-2.1278938792438207	0.6977260342986995	1.7158292835609414	-0.4244160550454552	-0.5901988158011854	-0.1361718643703707	-1.3380126538246546	-1.4361561430769139	-1.720042731652403	-0.2099371283192638	-0.813623950912745	-0.4558989580769567	-0.6610031468221107	1.3257121105965597	0.6131203485809863	1.7916667337736276	-0.350285568901401	0.6927289364465855	-1.409797839395005	-1.333930625796329	-0.37596592342090934	0.33751138061034885	0.23886944304066732	1.551007875047591	-1.4271067411265417	-0.11084386231917757	-0.933575981815674	0.04065858209452264	-0.5659511922253512	0.31598724729337624	-1.5186285995866406	-0.9917973997858447	-0.498512054745376	-1.7090556950846323	-0.16157268387494295	-0.5764057059785466	0.005373185483956858	0.7453092704424197	-0.9879867376691621	0.2964224455839017	-0.960079565709	-0.396600876586387	-1.1172757616182343	-0.19765311093877683
motif_6	1.7751993000499333	0.6530632447200407	-0.2270161082659	-0.11357544585827314	-1.2588548663364747	0.20468286351222328	-0.8180810244873199	-1.6795112381083401	-1.2763490871277063	0.8642064229993704	1.0657743956707788	0.5845746940851697	0.40494614614254115	0.5477598886856003	-0.6202169648342514	-0.4108162462262869	-0.8207283011070322	0.9712673497374842	-0.6325133703221295	0.24483533549734293	-0.8341849607296864	0.8373815835807299	-0.1618831245820205	-2.0490407098381738	1.0993552643428735	-0.6861091681090276	1.1978177753960308	-0.5819560022822364	-0.9746931954205422	-0.4588997301192178	0.8043879510840136	-0.26295191089180436	-0.21453150156285097	-0.3748331247406802	-0.20510296553384252	0.9123107241318634	0.89085109864393	-1.4586088716644157	-0.5656194579308729	-1.2767430342295365	-0.8150906445689652	-2.5875310298243948	-0.5260033825693047	-1.6980877259510114	0.6998687052135603	0.8575000068689947	-0.16515439962634917	1.4882709812168176	0.2025073786609731	-0.5002005100270671	0.46942128198919886	-1.213460085515287	1.0587400086440821	-0.3647419785000007	1.6261938257861561	1.1432860805034173	0.9428151825850701	-0.23184200020334836	-0.47709590096012877	-0.04975026482718452	0.3717021208272779	0.7794169510176204	0.9072666239275183	0.10451644980053658	-1.0135799545557254	-0.11781714807730076	0.8987211335395106	-1.7440774512840256	-0.7272332496732019	0.5826105500943769	0.4133140836568544	0.6576417685136162	-1.026823449085232	-0.1534817226484731	-0.03620195659926114	-0.4845698599838776	-2.092716723610432	-0.03786238621078591	-0.23954088869573117	0.48951467559538847	-0.47795971582473634	0.5322647971505632	0.4042686627034319	-1.2516685580436298	-0.12997559363515696
motif_7	-1.4537560050623382	-0.49034887778248587	-0.22745779890866866	-0.8474809847665469	-2.5281379319116466	-0.29705161583957645	1.0193941586754285	-1.9495423547088349	-0.7857305505507121	-0.8089817909920455	0.16455285093332153	-0.43841198399482806	1.1552391123841423	-0.6797860850477795	-0.023735131126187203	-0.41427218566574664	1.0029164059301447	-0.25490682720111696	0.2406061177492974	1.1915190135070255	-0.1299514134962238	-1.8681855274912957	0.4031338243506869	0.03329392721957756	-0.47982969176951257	-0.3532783941120835	1.1871000184033589	-1.3232867829367219	1.382753633595861	-0.7919740410202699	-0.5515130266357668	-0.036008060496111625	-1.5096503748539396	-1.031441159554783	-0.9427927275646195	-0.5576508254349409	-0.07408534490348297	-0.6262806539327738	0.047920142648709856	0.4593462211492336	-0.16069201660385646	-0.6418144820895466	0.7275197178802925	0.799754660464332	1.829450835882088	-0.21588996478916717	0.39632814140543093	-2.865517583697182	-0.06767870149439216	1.0016595516333993	-0.7505854377209084	0.9105941673179531	-0.0641301068043969	0.025774201330374228	-0.5042242465736995	-0.7167117368820056	-1.0338176541053277	0.8837940040086674	-0.07355722962581093	-1.0160500474701195	-0.08829803385720786	0.8755475169561391	-1.3776039838032454	0.7406890245934629	0.9015080589473118	1.0456160598081117	0.13582073395675	1.2565854638101068	-0.3928208068651649	-0.4443371314843003	1.1215965447102443	-0.3424779023406621	0.04489121698803245	0.590109084013567	-0.22433193025946796	-0.836772027478084	1.3055171288938412	1.7634642326174246	0.8103927534576684	-0.49782315548872663	-1.1128303272511975	-0.3968130535444399	0.5050365254628774	-1.2917202592299752	-0.46530689885398036
motif_8	-0.9124840486609955	-0.9726499477068807	2.11436739077874	-0.5243110683708393	0.4173202161574025	-0.14820150958094508	-1.1592341240156663	-1.4506042240947674	-0.972450865961582	0.49752474199357816	0.6242571469624565	-0.5091786005808385	2.0412559091369915	-0.019385654062789276	0.05916853960516971	0.6675677614328049	-2.0612228460716886	1.0437269980223574	0.9928872521550722	0.5264529555660891	1.32158143808702	-0.2747466165102275	0.5181989715203208	-1.1985104912974092	-0.026744842455319662	0.05134735293531081	1.17095354775938	-0.010714903867878696	-0.4835682468277424	1.6059920150831057	1.942474866713226	0.7455884612887336	-0.03862505222567694	-0.9844593412153797	-0.1827883546882888	-0.8150362680954855	-0.6347000206186122	1.486874507471425	-1.8023586939340883	-0.2290704165793577	-2.049712164572988	0.3382331592430729	0.7047318338778125	1.3314529672702202	-1.1014294679109684	-0.46009995621845906	1.5312625159113378	-1.2252537919025406	-0.02085688489893277	-0.8293222749197662	-0.6302711873302391	-0.9844192009360592	0.2757262396495102	0.10714015699975574	-0.5880430147004643	-0.8342340246678758	1.8567488729775248	-0.049896334091083995	1.3304888754446407	0.19102773643224502	0.031084732025289455	-0.936539266320949	-1.274199996860164	1.1982034573046496	0.3529420320552304	0.8916985716701623	-1.4144850859634723	0.8143616688375976	1.5261356463668316	0.4886967739398889	0.4410426308712024	-2.344600253248606	1.003115266311068	-0.8460652807390937	-0.83538310531819	-1.1952279214288486	-0.9618912398429251	1.6633897856807949	0.8863387448736817	0.3194828494973062	0.30085395589833536	-0.07497113843445428	0.44024148700897286	2.226307384134839	1.8515746916606597
motif_9	-0.5996977958085207	-0.024892477727318348	-0.30590259485751325	1.36405698355637	0.7707271218744371	-1.4808267729081046	-0.19629315696707905	0.707490208981835	2.340957276500986	-1.7440777784760868	0.06289488376903915	-0.201720202478616	-0.5359738312970523	-0.36946976666298476	1.0455374108534394	-0.29948496666856006	0.33993780317237965	1.6598365328427562	0.3867067799728182	-0.8741178298678539	-0.2065152398482869	-0.6685244566919851	2.158935529505698	-0.6963236192881186	1.6196579596689167	0.8355838552859003	0.3616884218861693	-0.8494162301926935	0.24007187644882774	0.45396447285204733	-0.03801352736958439	-0.00019243538079169315	0.08400960396235008	-0.6072252799868639	-0.13562987100573096	-0.07705927437941743	-1.5292523550865649	0.5290044037188057	0.334348606958793	0.4941702108685492	-2.694439980830326	0.6048259341977855	-0.7615917162263266	-1.3594022967676331	0.2580083962332379	-0.2979100504861071	-0.9926223996630938	-0.17829060739165042	-1.9634178404157183	-0.6593895436132035	-0.45816218287191063	-0.16807176856410863	-0.43773220973581234	1.62498419932116	0.9295614331819383	1.2576637056538325	0.5749670591848266	-0.4582570470642559	1.2085246902656752	-0.3515617152924244	1.4407229065738445	-1.6813151263304336	0.27168437602097384	-1.6998241536176737	0.8531980194055456	0.5333669975059537	-0.39370717418294476	0.5006855809262435	0.5689936765681607	-0.08375180893289245	0.10322473626367396	-1.2813603785977126	-0.4449244144057169	-0.5016999609775022	-0.10716802835940394	0.15200716997181948	-0.15242767782788066	0.576498259219238	0.7446702820627372	-0.30752056340741113	0.7879707867755755	-0.2262141545500323	0.2674591106443404	-0.7964040526092673	1.0636668523635593
motif_10	-1.437396093786444	1.8741409669088285	2.2246138325581244	0.8920635879040045	0.6332874504080346	-1.0600313331407976	-1.7724099239819053	-0.8459219290952942	-1.700735405616329	-0.18296175686657964	0.6827641441252654	0.10877381051118745	2.342421855941322	-0.36909794285429137	0.5881130960825358	0.1583951387480409	-0.16449703965753634	-0.6481260882516783	0.7517422073110535	0.5596122498955101	0.08753267344657559	1.3925858824020434	-0.5880957596173378	-0.4516254029371674	0.05779158707249664	1.0059685411765196	-2.1163619238414544	-0.24993911856664033	-0.936108967181152	-0.872088182581023	1.4656566477356103	0.8806623649354874	-1.1640352518484594	-0.04440670659417226	-1.0207114576411525	1.2776569709397136	0.5310906395941772	1.2899931432284548	0.22519346995839984	0.047622094263476515	1.8534043216234384	3.808539906331876	2.319601425066672	-1.452489294577384	0.007173658066331468	2.5281421885775544	0.022123616614803044	1.0835768284612268	3.015090727973866	-0.25999727522793553	-0.7934898966688501	0.6978949270285437	-2.633884799638351	2.36177406404608	0.8873781120708867	-0.0141653038707481	0.83288497029831	-0.2654340477025792	1.7539323709174628	-1.42801470327278	0.07790600869003922	1.1670778694967785	0.21168953053991782	-2.1020132289431985	-2.0974579210308724	-0.4349522111449001	1.0408843768246407	1.0606995575461502	0.7842783194262253	-0.3912431869235101	-0.5350470538606985	1.6432361777258424	-0.8012322567845375	1.1373393341375284	0.7773522702260972	0.0638211470506545	0.5198568164489243	0.38142026122508615	0.3408237059329685	0.6809822557375135	-0.3176876942034095	-1.0952784423912136	0.9481782101809649	0.3522691309393629	1.4793578409114798
motif_11	-0.8975944815624094	-0.6356314845476436	-0.12145467022363741	0.1540043947222763	-0.6365114511514881	-0.4259415034893846	0.5689786649920379	0.10547017613249222	0.8855402449044155	0.0555782802728355	-0.6426471615835306	-0.5728779659963037	0.4837432517629219	1.3541790267844558	0.04427520124877008	-1.3692081282962398	0.2227560927689023	-0.22752410555537336	-0.2683852644994213	0.20916765799450565	0.2250138400883741	1.1491784861783845	0.01781202869887051	0.6116790935385491	-1.1174695930116636	-0.07480397420204402	-0.5269179854763693	0.28409558383006567	1.7656925628651103	-1.369118426246894	0.06294955071736497	0.33853229658858924	-0.766987833288221	0.8577445095326275	0.3577744610688518	1.024016129361783	0.42189703231283665	0.18280775612088165	-0.24367130792355873	-1.013301243025291	-0.953597316264131	-0.6002356022941088	0.3826652857084294	-0.6159525629483699	-0.24053612489453927	2.0318545135495847	-0.25960184738980535	-0.6875144185326167	-0.8342340068630693	0.23095972664159445	0.6273443116606079	0.2370192124970653	0.3894126173144892	0.9961684940857867	1.206839341630066	-0.5262425013812734	-0.8550834613330823	-0.012369420031905361	0.5185267128966663	-1.0243517562945592	0.3551322125945853	-0.16274988767919912	-0.7492461876082699	-0.16208771900405905	0.061616003639834806	0.1516551284016606	-0.7219279043467443	-0.7999701454781404	-0.7575900660160746	0.16068073242903838	0.22411430689577155	-0.18951104870137958	-0.48099501511463283	-1.1001877702957803	0.13903532324897935	0.015887687076001588	-2.1159542557102125	-0.5646877333295096	0.30734444668574284	-0.9070442395801112	-0.48860019388957976	-0.5943573990422394	0.3693830016278135	-1.9073975095955278	1.4380151989986163
motif_12	0.1230347818120219	-1.286859137073838	-0.5088746118526382	0.27227738616394503	0.9821237659240214	1.0383199356759298	-0.6519048705085074	0.13751459675825578	0.04176278714887792	-1.4377019356448772	0.6894573085657097	-1.090977151450075	-0.9260379309804847	1.1846267990727943	0.6648384376412168	1.83282328972375	-0.09637414257560155	-0.6462931881681663	0.3421161302723159	1.0843160770948705	-0.3409060915118393	1.1612938343839212	-0.21226963279579436	0.8137037997667014	-1.9162004061269795	0.6908776476463474	0.3708454374726366	0.6505543877814974	1.1259806970554636	-0.26881553109738565	-0.08731257308587896	1.079012502211974	0.6747448042445118	1.4246690988491344	0.2574783303699599	-1.4353596594804987	-1.0695209795120653	0.8749965936988062	-0.8268215252357396	2.0901437609102387	-1.2553116845294539	0.2664138854375663	1.679135737106963	-0.005317830313619923	-0.6125058254428695	-0.3646295981867134	0.06075970959073568	-0.5226954886643999	-0.8794500659714279	1.1226255231080107	0.6096727998021345	-0.1526271392347884	0.0541159827824315	0.9791361806629792	0.24754999678550565	1.3985630952403896	-2.305854492729821	0.039897813783582196	0.6013667952058346	0.21842013966030882	-0.5143850812787865	-0.7822721339326344	1.124236187122069	-0.2229986598604991	0.2786455376810912	-0.22806197477760246	-0.5390803070358529	1.9074099713504729	1.6369229228032753	-0.7763871923960175	0.0802971540672352	0.2762368787952729	-0.47168196707458504	1.0584469351709365	0.49295710711663876	0.3803509603506938	-0.08959449666370646	0.9256012536183359	0.9400033788661207	-0.9781323903025344	-0.04804782037440949	-0.20200603076567364	-1.9021929327508484	0.045841755057102355	1.4585153836324856
motif_13	0.014069160875336047	0.05069329364093394	-2.9654723614792964	0.23794252347944225	-0.5192547272024636	-1.5912095515530393	0.8444674147052921	-1.0656680232258944	-1.8711342266227604	0.02869614990947818	-0.10597441963140371	-0.00019540002920093394	0.21457258404853333	-1.0520985771863933	-0.5265064294022045	-1.4729373037471551	0.10443358826427794	-1.1200235962575447	-0.03645031216941398	1.211946321014402	1.207190873906264	0.21620992918213855	-0.02891521201244055	0.49487791964996597	0.17071371521579254	-0.14388306463717543	-0.4925808019069033	0.37001864909655235	1.7273788894302897	-0.3677943796466276	0.3459269227418277	0.9743294609992784	1.008374046199477	0.6481809480580548	-0.5461385643000086	-1.26570278282444	-1.0992625167456236	-0.43056745615550596	-0.8012341665764655	-0.29101521734491503	1.7596208511031899	-1.433696329494997	-0.09717581533625695	0.9136325693835929	0.4970475453304361	3.0905009979549125	-0.7077904518395194	-0.4103246681546397	-0.36951034287763773	-0.08669318148692293	-0.721352377097421	-0.7198051328934568	0.1352205605958929	0.26761696631074405	-0.6613099683897113	1.2307713876337143	-0.13789817280723027	-0.5404192230502859	-0.14741264592345335	0.7336356783737545	-0.25507571469435775	-0.08919520308130967	-0.1169883785804521	0.5708492256680973	0.4146287442530721	-0.556065631609911	0.24159356009769087	1.0244072020872586	-0.6468308139693009	0.8418045012685118	-0.2691631390525114	-0.28658981455355986	-0.9510275687251009	0.6854537933143621	-0.7818178767537765	0.3981047478009523	0.6020645440776903	-0.024331763088636615	0.7566306184646225	0.2820598978424255	0.5697445402478626	0.03134387380515354	0.24238102257853375	-0.4995169738436009	1.1041744066102408
motif_14	-0.8054409543104679	-1.2693276158724751	0.30272444972183576	-0.8789625219465511	-0.08113416565157076	-0.23324457413563807	0.1733918673222123	-0.6489246331312125	-0.9467196687576723	0.15847148859176338	2.425211015182877	-0.21544121290235818	0.8802654175988158	-2.0806405484486046	-0.612774185246455	-0.2286728941617529	0.35923102513984984	0.07093883006524128	0.7545498896122095	-1.3279461477764765	-1.5510559413689466	-2.0846516068634036	-1.4215566495421916	-0.7310769631264864	-1.7682907949616076	-0.3853210668191592	-1.2105713125893593	0.9001586027986178	-0.18128607994160276	-0.7017914349765332	-2.0461215403747035	-1.2428285267171617	0.33568815276048963	0.19503965574055326	-0.7951397802058874	0.3892109648223172	0.23319693216156065	1.3882994107563134	1.2666347153547621	0.6898878057055197	-0.7396109500573885	0.23310417491789084	0.4298381368535883	-0.8550825598998595	-0.023489203105339695	-0.7403541104057496	-0.49446397957868027	-0.9751516682483349	1.4046719957188118	-0.8921218262581266	0.7585185818663075	0.705870870739012	0.10318617477298862	-0.8318819549533265	0.42717595079644255	-0.48765325048887054	0.6392245143862595	-0.887837358261202	0.9493954278297193	0.7633611704332566	2.6156714922156055	0.39455977655949165	0.9643040951601727	-0.044752970311151975	0.041189910046737783	0.22431359328012881	-1.1789390309517205	-0.46931207028745797	-1.978100441484514	-1.4918245274680497	-1.9141730878405405	0.772616377143538	0.6416826100511717	0.14262400984137039	1.6247533826603184	0.5196942776572049	1.0031703234244158	-0.3191522473598122	-0.41791077679415317	-0.5503441104129336	0.5022150258097937	0.684101843899798	-0.032238462553598475	-0.6488289169222852	1.2639449340051994
motif_15	-0.7272802437809204	2.3960227502103004	-0.10586388760327166	1.1242362092468463	-0.40273570406398695	0.4408242973667214	-0.5316257669739485	-1.8017074018100703	0.39962052230670086	-1.0506362278356274	-1.50548109027757	0.10196838044999683	-0.08486327844968435	-0.06563169767252211	0.7704526760761721	-0.1417365470329203	1.5914962503321415	-0.8416534452826292	0.06730638371649358	0.19438351989911895	-1.2470483158336498	-0.8915966324526796	-0.7289049733268123	0.2187192462509435	0.4393301843279213	1.7846238442658044	-1.4350417452559416	-0.957435858879317	-1.5183689205601911	0.15163548091829454	-1.3752389408874244	-0.8102383557196531	-0.9312816339146598	0.014198101678246696	-1.2657193253966557	-1.3509178873070924	1.264015549046248	1.4635040705518954	0.36998802987920665	0.32042104947394406	1.0326973806782473	0.15075536471906587	0.12586339657946194	-0.6013419274645813	0.08833932059135796	1.9162707504725658	0.942826355331782	-0.3794426512420112	-0.0003682009745159699	-0.20288292841465425	-0.6720314774672038	0.059699759356409865	-0.8641158897915234	0.6006445690974567	1.6566102450351796	-0.4970015709155533	-0.42072224944070996	-0.1262245152373626	-1.761967161730059	-1.3747296856834545	1.6585219088935794	-0.9369933401045601	-0.5104119131559878	0.4437148734391252	1.2422723248530312	-0.33533956500858714	0.9748077488810576	-0.7124151069702602	-0.046652452402739145	-0.4943352973189512	0.7661238933137479	3.232453569825531	-0.6155010258717981	-0.23925380282865202	-0.6388169689194912	0.6975589830443434	-0.46417764211676166	2.125813301292054	-1.4706529146717773	-0.1217631784613931	-0.15426413372539907	0.5856573939677089	-0.1763128517823665	-0.3552303743933184	-0.22605855868027422
motif_16	1.5058291484902715	-0.8969089571833682	1.5611364235728997	-0.25424961820569125	-0.5866701227608045	-0.7078615403162503	0.15106952947756927	-1.0475392878922956	-0.9360906509298766	-0.40097730159904466	-0.34301414403465047	0.37060485001204	1.4198085940276925	-0.25766190621231905	0.015209791257837765	-1.0708158138290609	-0.5426355892657806	1.221730591772294	-0.021463242241110878	-1.2233028520185056	0.7442504600668538	-0.5847312428631748	1.7457498580895088	-0.7279940017064191	-2.184935571227868	0.05735168398380324	1.5003110433993962	1.2421916382956537	0.006516720154034504	-0.9073735622102458	-0.14253319823508864	-2.202185046108394	-2.7189161855026116	0.37717154787942964	1.540271228422913	0.18155063405690527	-1.6482861873334935	0.13107935895303788	-0.7719354970881058	-1.3342842696710646	2.1610681848536397	0.5356973146536904	0.994386671915395	0.5011866123803396	-1.027847618126261	0.9421787958569193	-1.5172913320887413	0.21300868856579377	-1.5084337094317308	0.09843983362592634	0.2442708172616859	-0.10004181803824887	0.12805159206705832	0.17043014278118018	1.5441008991015068	1.4456950186652546	-0.5753739356535473	-0.4536632004556433	-0.4344411015413533	0.4631643739291142	0.3618997573493273	-0.4179567644187116	0.6554925423895328	-0.9086276531922488	-0.30859322581706505	0.7967467480289521	-1.4070799600803037	-0.9490836951995685	0.3829027424757698	0.9809781964516329	0.02998782574583247	-0.4067994029098905	-1.676795591828251	-0.5168027706271336	0.6021400346519584	-0.19722483705475072	0.7177016892868646	-0.25855320431470363	-0.46720630298689975	0.6780654296522154	1.2353148612250562	-3.057028001338783	-0.2648056434143955	0.2555955506384636	0.9003634670629956
motif_17	-0.5167712389015968	-1.7178210542998154	0.7785543212299638	1.19038723315464	-0.0853001898743145	0.057817035856761324	0.07044589280558908	-1.7341954978406176	0.4841376646099749	0.22767800605924696	2.4163173953033303	0.22863409100790355	0.3781591187066438	0.9245746165037878	-0.18246042464447323	-0.3031585679316597	-0.9184353957478028	-0.8280616274071902	-0.6979168734059726	0.7106502655098565	0.15604144927150418	2.4854688952307487	0.11243490036997962	-0.034635070708984986	-2.224145479077368	0.45354210860367683	-0.9664978886105267	-2.351269640893274	0.4330770506278176	0.44298957831989444	1.1129388934765334	1.1452144472713695	0.969505132833917	-0.12816558223182029	0.5471048191224676	0.2937815704769875	-1.348935771883981	-0.4722239996802465	1.0278773895349496	-0.10330478613544644	-2.082021080049273	-1.3438199648804527	1.1050886291217756	0.049391241043424995	1.1693487399949973	0.888904880057576	-0.3205516089334023	-0.04138859488025321	0.576228893753027	0.5358844168261242	0.13639695160021248	-0.2960930100255195	-0.3064736540572966	1.3143070751180357	-0.12686859929878025	-0.2908717461141052	-0.776259894121187	-0.8104211756206693	-0.43318738624189396	-0.5023312320821938	-0.8422192332778804	-0.9127744077189657	-1.1626211750136064	-0.20461754021997916	0.15033844140949715	-0.11701066632824375	-0.8559638606287608	0.5691121321251567	-1.3699729582952611	-0.2861891265775949	0.9090190382761631	-0.34582248430679724	0.9796099447906167	1.4557796736367454	0.6882437872963035	-0.8859482210913313	-2.752043149039857	-0.661077934941718	-0.3415999615916985	0.8409355518009988	-0.18778926005075797	1.141937343162816	0.8045239541637791	-0.03532290836238715	-0.07385966532866137
motif_18	-0.9559284421444485	0.18347791214064058	0.35344381336227115	-1.244766221779365	-0.05795064650633084	-0.8088564216082144	0.0064850620646614435	1.0956012051863615	-1.1613821637007435	-0.8199057538870661	-0.4070829582045923	-0.884209086922096	-0.6353798045287571	0.8571548065412801	0.12847802075894368	-0.34581333876537695	0.7806497356276261	-0.06931753108906495	0.4195252078093245	0.8471488710973071	-0.18056639300546956	0.5703590592876999	-0.2500567234916601	1.2983386227073115	0.09936527283245966	-1.5878517251242714	-1.5823994815687215	0.9500324889413605	0.7989551744630953	0.07956438166735455	0.19775036518732503	0.2575096569313042	-1.5826841639463531	-0.10903310582312949	-1.5844573166052272	0.9312070825391046	-0.5344630817414024	1.4078612540510826	0.031202845930485876	-0.26978141099168235	0.5231454951770381	0.32659396877954855	-0.1380468443820903	-0.27852189222219637	0.6671346950793514	2.531349014697818	1.1064762834103299	-0.6708778333213238	-0.03243025707629849	-0.2762360897371247	0.4962392377354009	-1.0338094312768915	-1.2482813260738448	-0.530792886804382	-0.49605189168223657	1.6928946229998518	0.4627582233859222	0.1845727775900297	1.15467196953569	0.278431063584118	-0.03380509596979701	0.6903753407944747	-0.8096596992390074	-1.3533824391921139	0.8566617192812539	0.45646637029596615	-1.4631468845450122	0.4495832185807456	0.12316112535795226	0.00615530239015937	2.488059341542363	1.0794012194013445	0.31699965908400635	0.23050769588869463	-0.5054008217997681	-0.8703820032446932	-0.2650662713247044	-1.2757800609307635	1.053813538764726	1.0470972148693427	-0.6320054496689959	0.7132307195061064	-0.30667274098741354	0.28589943169678894	0.8286917928766546
motif_19	0.5987322027299308	-1.7025328087841145	0.12519902602484967	0.7429523586569033	-0.6830793373988346	0.47826897639791766	0.5302607482189009	0.852920296605301	0.6262659615092441	0.622635949894555	0.6362235578615786	0.1853473216870483	0.07959720562523602	0.1876116341647439	0.43685415710324516	-1.172766299359341	1.8533947112272036	-0.0565321751306959	1.0323192488692867	-0.5464058647355848	0.5388962995738391	0.07422088621097978	0.4771387204153906	-0.8520128625552059	-0.13900525690703466	-1.3199227187142717	-1.9273970047251385	-0.7978555588195576	0.42865272498637613	-0.23423860284138698	1.0317433927901623	0.7899544729553876	0.923180281486484	2.5729690402189123	-0.1344314737701652	1.0276490870850994	-0.35929575875385683	0.6410766439526125	0.7856316832362211	-0.0956206290700136	-1.237139048888585	1.422558041244517	-2.1109780862544136	-2.079673720672542	0.6254014417273356	1.4896064427844697	-0.4961255547486137	0.24400207246450814	0.6401952077393392	-0.38364787444933984	1.2023437582080014	1.5514389696900457	0.4515422372057713	-0.6104929605523542	0.33758908441585267	-0.4192216986751859	0.4500757097192948	-0.08416225012488777	-2.4940900047053187	-0.29557661388590734	0.34726717386058453	-1.7153570508869018	-2.4839467420234733	1.3420639451431966	-0.19239529527575294	0.230614083011696	-1.7729862134224659	-0.45894378892031135	2.1195598898951613	-0.5832058074770631	-2.2557788058982005	1.1618827597633488	-0.7984815527595797	0.11364264611911797	-0.14823405254652328	0.319809294423435	-1.2130372120422062	0.8871610577498176	-0.8384692619190683	-1.0602784667112959	-1.139262625637547	-0.1498437512074886	1.4276855044760013	-0.1617190101433424	-2.455164537007606
motif_20	0.3145223654174698	1.0607533026036295	0.1841091039462387	-0.11844653833572782	-0.5836570075027048	0.406345705594079	1.3073265629450292	1.0958810185257237	-0.7302098621289291	0.10771575771880709	-0.6380074098331003	0.7697413255257303	0.6173009684844407	-1.1967601669651922	0.3274648912750264	2.447668889007237	0.6416428392049128	0.5236298758819867	-0.20189228467075285	0.40509783639492786	0.4854968378281312	2.1628515502994485	-0.8563973845183741	-1.107014243964543	1.0186719761806011	-1.4513089480113435	-0.6012258665436189	-0.22595713571159143	-0.3900019750292668	-0.58756540819847	1.8766692147806199	1.2731880004490004	-0.5498684193290613	-1.4660291507419356	-0.6214216782214395	-0.3489663551937588	0.500489108388416	-0.9583764515278049	-0.7624609090135736	-0.35243355253070563	0.9473037638317372	1.6151741953598608	-0.73082228061	-0.5437993445922947	-0.7053703030189784	-2.1077297775617314	-0.9793351702872233	0.20018698475551996	-0.001035214462034422	1.2669093667484665	1.1796323812417886	-0.49397841662624986	0.6498061660266596	-0.5651111925628708	1.0476622558535162	1.4164344569374485	0.8327274229377173	-0.5650791401028193	-1.8658488540527904	0.14203717381020378	0.6047016961392131	0.12672316662393782	-0.7844553159370546	0.14462946121217304	-0.7767282387491832	1.4597053469664019	-0.2982096997125457	-0.6342084833745852	0.1817350625360743	1.5439935282752668	-1.2250807646921857	-0.18465238350501811	-0.058216695526283155	0.37582646287046495	1.1449697678169248	-1.0883744924587648	0.21427546367395287	-0.5529903469886032	0.965777544292342	0.9757417440484186	0.6319121412940605	-0.5671749756012018	0.060161759030727055	0.2216729638591076	-0.3247190098198751
motif_21	1.1762363043479773	-0.6557276299936624	-0.7047266195101798	-1.2241004035994862	0.5023707003592283	-0.5411977738454105	0.00525927803518814	-0.4596051642353993	0.6813670964588734	-0.3339651580870825	-0.9147966832825173	0.7853634680568023	-0.0783059032933301	-0.4176564950839466	-0.19373661666782685	0.46837750224079483	-0.9975888906328801	-1.7507160885261144	1.390689479364106	-0.977605477058548	1.0141665698487385	-0.5493820313358939	2.0221093756007846	-0.47320920815922635	0.37907336993317114	0.7694477809690817	-1.6048099275890644	0.5345495897232513	1.408067305598711	0.4316919952480314	0.9889899071767606	-0.8555719361348455	-0.8575688740359992	-0.09849149634924696	-0.5396220956621245	-1.3688053929595834	0.6599205332174498	0.7037092476794199	2.5162235311070695	0.2519201600292392	0.20278503012450072	0.965168122890833	0.1251646808650237	-0.7746885019810622	0.41487484571234257	-1.3703865386744427	0.6531995223511123	-0.611399166588926	-1.5899035879490853	1.3261405846322485	-0.2029142152108125	0.6770521681333742	-0.5784788312698849	-0.8854257850713866	-0.5515503847225358	-0.16392223624164062	0.05444088797832321	0.16629834878448455	0.6589256446613947	0.7660186324141445	0.02457196053627932	-0.6652207041429564	-0.7252261486446725	1.0043933759992667	-0.9615892706799105	0.7253186859589283	-1.2141657460945998	1.2467685112172737	-1.7203659157739963	1.9396764958642323	1.2255210111446952	0.4131060396230576	-0.34317386317072773	0.04377881759858233	0.12076579174169307	0.4011733571053035	0.11148504579255655	-1.3102389744152667	-0.11211491662480283	-0.25174778471196674	0.818133569584018	-1.299831560191855	1.4818375315914607	-0.2278867479058256	0.37017916905433806
motif_22	0.0474835571148336	-0.13415741192461486	0.21979701744469252	0.4911268560900124	-0.7522778412104419	-0.9983379756962115	0.07413546293786313	-1.3630775274173632	-1.1987310720114108	0.7523906628343542	-1.9409450387388314	0.5664576227473375	1.0756352737811647	-0.557918458410181	-0.23497546953458642	-0.02471343673445575	0.8439104402055913	1.6798842780477097	-0.416229912956579	-0.014918370312642716	-0.13349596028186114	0.4742644445616892	-0.14366987088927521	0.7097376500267185	-0.12665249023716216	1.877869444137753	0.19709631783330345	-1.4396506840328447	-0.17710743828207698	0.4772749680074911	-1.543116675735377	-0.16667417268278856	-1.0450916189733022	-0.7463188992500942	-1.7231937091912735	-0.7868665885033089	-1.4578524300357008	-0.2978065672132899	-0.9426252620550618	-1.7373474915093614	1.6850702768772996	2.0443362488333636	0.4113388396508043	-1.8086787809056706	-1.275019455559094	-0.1464095728187753	-0.060162857133956874	1.451741069107665	0.22037276230894667	0.6809301676901511	0.3828778683230494	-0.8222159693707418	-0.5087340677662381	-0.30544748556957635	0.007165541754123565	0.5068331076573525	0.20520789362490455	-0.834625956049534	-1.3740413173838788	0.6794037985354846	-1.580215557999233	0.8748598353563598	0.45049614282730005	1.0179936822688715	0.3553108725114323	1.137267524958345	1.6620819906054494	0.4447827516368169	-2.5560804306921523	-1.125944073392982	1.1910671192983333	-0.2825111540046852	0.5096179653199495	-0.4667312220081486	-1.3958962693950543	-0.3520509636197365	-1.6823406439595596	1.648981263332082	-1.4282441561668038	0.37611432059331107	0.501313192074955	1.5536463326759882	0.9400409323405082	-0.45484005822340945	0.15153729786620307
motif_23	-0.3912410744467662	-0.6530716289672917	0.1508934864488722	-0.0939908086849614	-0.6703792627111751	1.3309237590533436	0.010714131019895563	1.0195111497364477	-0.11325844737885186	-0.5085864419800427	-0.9133071015891167	1.2268649041893283	-0.16912105698020047	-1.7035692001932834	2.215289949217368	0.3893892735134352	-1.1889669216673393	0.14050764759354106	0.8858950368561663	0.4615333955403125	1.4747920413002125	0.2687150598048542	-0.027990361266799876	2.1473696693844886	-0.022300462957224196	-0.11799918354527636	0.4439490091379123	-1.5771140373985384	-0.31022862497691406	2.1980741424125996	1.28835419550015	0.8586277878514222	0.04959762708511972	-0.06468922819812258	-0.2088287998833052	1.4795769992907493	1.6511857534015795	-0.6526331086903578	1.7401305017203696	2.401545572968064	0.8647797781894428	-0.449750599454204	-0.7182319463512097	-0.31751083826702214	-0.03727692482400588	0.14712548797323038	-1.3566740064374048	-0.3551818015834003	0.5534896690855652	-0.6015081753764101	1.4063064502679221	2.0703647344049694	1.7824501537696718	-1.0856995769824058	-1.1408151083048552	1.3528480192803076	0.845512258757584	-0.6806744488162101	-0.8487340473317685	0.8085313680555197	0.20516765587042135	0.7161015779453219	-0.061309631742912256	-1.3118974684831648	-0.4697349395656099	0.9007870829686527	0.476374806241656	1.0925151496612795	-0.4218553003558985	-1.229634266994663	-0.2627950334519322	0.7568799856266464	-1.0931828749862744	0.6432605055697316	0.7890995690941427	-0.502684752673163	1.0752843441121198	-1.8104426694688076	-0.2635821823274039	-1.3244471326147402	-1.194551630590677	0.22532360233228801	-0.02980119873368439	0.3753301091374988	0.0016018375763240445
motif_24	0.269374087656045	1.1406539943714487	0.1309643893758734	0.633176165816947	0.03021296176957252	1.2314109595310714	1.412938095123239	0.3022591581254345	-0.3804083650388215	0.26031115173317027	0.33237874322312255	-1.2179986475821674	0.0230307622689156	-0.40462623506249656	-0.24658672716488297	0.4825563713295291	0.6677620381402471	0.28476556701254063	-0.11249405517733876	-1.6804154304157788	-0.39610195830365175	-1.1748256300516986	0.8814770132717437	0.17799916544339778	-0.834806808006669	0.0720536545611686	1.9750652581396966	1.7563308817453727	1.205971367607394	-0.7354525958446783	0.017396045126006544	-0.5846402879699125	-0.071655801599806	-1.4240223327677388	0.3887919218613219	-0.052774590708897146	1.668155412470007	0.723029985361394	0.6639065576684262	0.5284717884128082	1.2117707703687581	0.13133263896576178	0.6834916824703664	-0.05536518122760458	-0.31211892360647214	-2.805616243911151	0.32982390218290564	0.43053588512268826	0.43151708400464933	0.9361932655485262	-0.5010935573052804	-1.1202162885266644	-0.056736445297455744	-0.11204230432059728	1.4692013254002856	0.008421576609384007	-1.934016362490822	-0.3913383402975119	0.6085058938105683	-0.18206441970933732	-0.2349656683184953	0.45033382049995024	1.2657434144028814	0.6584396454611765	-0.10954401077659999	-0.6301194628361485	0.10200894904315702	0.1709967814781305	0.2901837597695721	2.1231819843759294	-1.2768530430178122	-1.4820270657575614	-0.7540517797309604	-1.9302689384349867	0.51559680283801	-0.14554885710128865	0.2912072579506174	1.5075637300503983	0.40442816771353207	-1.5266709234726685	-0.8580062314781012	1.3152690550728785	-0.14924284328808307	0.10914534982315002	-0.44951965483101963
motif_25	1.373518825403542	-1.4324560342237478	-1.0425035630981168	0.7228923907175626	1.272272323415035	1.739766669701363	-0.5210505023209595	-1.023144969445388	1.748618542390958	-0.0414640122175525	-0.7587687363018497	0.2531493682181625	1.8983561694049664	-0.5890654545071162	0.45518792039657907	1.2882536031149627	-1.0615088138066606	-0.9583157846998342	0.18642639459479646	0.021196864948465163	1.4177050563272653	1.3890578437611667	0.48333689384621703	-1.7642831478116747	-0.5308242362342738	-1.3014624779737143	0.5463926795500651	1.363109542647882	0.017074332987997237	-0.8638225814739003	1.0140848264678515	0.4238471763192193	-0.886308415173377	-0.07395038935657282	0.7113343694647511	-0.9827338223256739	0.24820343935179126	-0.7576155820716276	-0.05999586253970034	0.9319815005414311	-1.6460885746307297	2.3489336082754	-0.14428112635051024	0.26959551403944954	-0.09078784390706492	-0.39273469552438706	0.04350808583249477	0.6369297369959707	1.1232708214084772	-0.15744106450319303	-1.4237595763544388	-0.9303810032829901	-0.9158709271049801	-1.1065251386359065	-0.42189973013192034	0.6981277768054669	0.524568874169866	0.3551631604405552	-0.44156563218166506	0.1245063689532877	-0.29965333967614344	-0.6122876797201613	0.4737490209377179	-1.6974124745351786	-1.340300830394556	1.3462369461822148	-1.2083871602689598	-0.14956915229776946	-1.1062935531501508	0.5274654323328118	-0.8622352157930527	0.8897245914074404	-1.9177570767375796	-1.4025381739057476	0.5952825988411842	0.02082864134371034	1.115039487474278	-1.2057791801194269	-0.26680053413263144	0.6482125657691887	-0.3693750600508308	-0.6137492041722085	0.40119802874797544	-1.0184124735706828	0.2522593810848875
motif_26	-1.810380399608115	-1.4444471151812024	1.239561926952086	0.15295204181324495	-0.34044036011392415	0.565784141716844	-0.5513104752487	-0.3632460728844726	-1.0810229889041414	-1.8214539807840024	-1.7335695755675793	2.451762665691758	2.022113399684519	-0.1608651738878905	-0.2610378176242959	-0.9038790231788667	-1.9746762258306523	-0.7397320502935146	-0.6974929415626846	1.012289656616118	-0.7332053411828184	-0.30759474154004385	0.10008458459196982	-1.6186756028340576	0.7533299636832386	0.3369873220076198	-0.05293458174263028	-2.5383015133861484	-2.9836677786528867	1.189447193311162	0.4093706232486418	0.3218639093079146	-0.8264511272920009	0.09488126308494763	-0.04808138745240291	1.1056242587876859	1.7871769364452152	1.21404796917414	-1.3456658999620086	0.21129005473496487	-0.9929552832748152	-0.6151934817773851	0.5280459102067553	-0.3381166985278241	-0.727880903333161	-1.820335514269247	-0.5052048403756851	2.3909513520433614	1.757574903882712	0.48113305508489507	-0.053507583481586775	-0.9563349237905876	-0.23584097018188743	-0.5991071766138358	-0.6272915845483235	-0.32747690185308886	1.0433307512430805	1.22873543071515	-0.03152177153060651	-0.018295084999170805	-0.9635951114353024	0.6130738330797537	0.2843198899805911	-0.6844964399965847	1.168742986074179	-0.6219892416688372	-1.8876766080394434	-0.1436345474917101	-0.061321940914167095	-1.5948394703168762	-1.1441305839572207	0.0901732496895584	-0.8038041804471017	0.3153682520906919	0.7393965435506389	0.1787467771000411	0.38143020483924234	0.2252327763311382	0.1771030689436532	0.8546747897415282	-0.8841285115535948	-0.7521111282302854	0.4493079878287828	-0.3612679505317307	0.10361710776730063
motif_27	-0.7917842498489209	-0.1633292770619073	-1.8625791284691608	0.857859247589255	-0.06487201199869597	0.4649700737499375	0.6908774799978391	-0.3459755821584705	0.8170400137908106	0.5670990841752168	-1.2932429232034461	0.6555893839646768	-0.3182918578623604	0.8531198144635664	1.289053690757466	-0.1969064876588205	-0.23762608443328134	0.8088913033375535	-0.4047684761313955	-0.5360286236645104	0.31818553475303957	-0.6989152772380265	-0.2767211633859557	-0.5792302999594101	-0.8617530088903163	-0.6298865706731803	0.45742831120789273	-0.16561181573861894	1.5199013268894315	1.7469932819034015	-0.3836957826700505	0.6238405349838974	0.10579802825309853	-0.6553869360686019	-1.9567834856191184	0.3668070348038283	0.7196667294084352	-1.6271148250163117	-0.24278205920688178	0.7281138250853784	2.6909368509547567	-1.182726145044104	1.1926668769126865	0.873741836537939	0.07478340523436383	1.848234534794449	0.6027758367962966	-0.8736276293909344	-0.43156722353675964	-0.4250406950397909	-0.4309330275662894	-1.0119074108395756	-0.6006082319944908	-0.7336146287154856	0.5973481084688413	-0.9657905233384927	-0.3203021298476924	0.2088953815198608	0.9095408735246783	0.5382168560587921	1.1690239834129486	-0.5146959791679682	0.8252057607095401	0.2660281011470905	-0.8950301095277462	0.2998573121236913	-0.7873745851705197	-1.2118274458890628	0.7666486744868836	-0.3151713251761776	-0.9304771385812629	0.6592410619814675	0.4195410208437267	-1.2085754366049812	-0.7998549288896659	0.2718051053845997	1.8273817365220841	-0.7359922284685779	-0.7613263038968028	1.5533992991978613	-0.21606799988112915	1.8279700673716126	-0.5451651221714989	-0.016405761631824167	0.1422918350026009
motif_28	-1.2075031958893385	-1.7378193481852633	-0.29253850003251436	-0.09416900858008202	0.39026141601229675	-0.39014222602634047	0.20919607834698076	-1.1183805987041426	0.6082741487696179	-1.0360071742555859	0.7445062873790252	2.6956147973804114	0.43706454461612954	1.8400537210282053	0.41782233793790796	-1.8728029210208297	1.7723224385335927	0.334053233760733	0.7815204677576872	-2.3617456746787795	-0.08754508527138012	1.0413351948080514	1.5848348911487933	0.2565802994883023	0.8826200458804585	1.8580923196595904	-0.06491995863268149	0.6846754610299531	-0.2161526134157532	-0.914410215837759	-0.9903869546489917	0.2880365508533149	-0.28358552105824736	-0.28190401215111077	-0.5181881849775796	1.3358767243093375	-0.26359447660860125	0.26990262652956054	1.9932569500448523	-0.2446790176280138	1.4128397925308658	-0.9663326543906141	1.0373389277710043	-1.199098789997056	2.2083417091321738	-1.579009508769284	-1.2059091651377487	1.2967174393132441	0.834656294500285	0.9805320127713525	-0.23082419167138557	0.6664393503152845	0.2833987492789734	1.6351817350200568	-0.6120115585483763	-2.796027337897538	-1.2446026779488022	0.09989200223623691	-0.6932957632906515	0.7936341846888184	0.6970260739636011	0.23027615492851286	0.29199610282586813	0.7061165324952916	-0.14428758374021775	2.015583368167586	-0.6089890060141782	-0.4722859350007845	-1.2057470592293624	-0.5720937402372059	-1.210816416637308	0.028789912066278976	-1.3271685105004116	0.5889532166627397	0.8552237731900125	0.7443794339175919	1.9422589474977843	1.2751472661740022	-0.0975357699496578	-0.6229210033224751	0.274143926507953	0.056779004244435584	-0.1560366401306821	2.6511269780736058	-0.8597332023182166
motif_29	0.43786093641194573	-0.04690237119603843	-0.207002332617407	-0.2671730923655605	-0.6516400806139598	0.2759704216069772	-0.0898223952562744	0.3524281631449424	-0.7194422103717254	-0.40388980023916615	-0.4924334418937229	-0.4220635205801222	-0.4585810741291253	1.4662353922900164	-0.1136052693117823	-1.3212972219506216	1.8764812279989447	2.0336769721498595	0.6781163655999867	0.9972405921148288	-0.8985207628497942	-0.43965165843270815	1.8804384954918822	-0.6825455997209025	0.23101199734713276	-1.161762486252399	-1.4887834234896227	0.22029472560851462	-0.2848707251738498	-0.9777128217402864	1.4027702101161004	0.6596344025524316	0.21144417135853316	-1.6900383923176416	2.091344561913495	1.4788094022819207	0.8831933152242674	-0.46820322331923875	0.4653914184260027	0.049171579128840286	0.506328352206601	1.662280596952056	-1.2239414564937778	1.5018604932349968	-0.8762574754509018	-1.786722141065122	0.7284055993212605	1.2217464178170923	-0.4569201053421848	-0.2209639011724276	-0.04724004768112958	-0.642419848680997	1.0496020456797426	0.6615348256334421	-0.31699735910812166	1.084262285073353	-0.20952157729179993	-0.9672797328700067	-0.8965089923469044	-1.5399833235940785	-1.5560021099332015	-0.2723754900219254	-0.9981956799466637	2.2530315270729693	-0.18012651359765738	0.09155216450142477	-0.43008520107668374	-0.49067882880790825	-0.45798922316817126	-0.777529168415302	0.4151684270154265	-0.3248853994291439	0.3738810088248237	0.8029253141100824	1.091770113343429	0.3315544647434774	-1.7118177582559948	-0.22547110049674862	0.93129821053088	-0.49990906168689786	-0.8584984316938256	0.6147174414853873	-0.24686001026912058	-0.6014613290510816	-0.24410468319707365
motif_30	0.4527358130607406	-0.1710029102270191	-0.7568991778901222	0.7792202681829484	0.6965394609594153	0.05951676676554609	-0.9921987169929529	0.14813111768387738	0.8716388545729625	0.3712252189199838	-0.7450231906714738	0.046282296167247966	-0.010967859096176934	-0.7562354668408492	0.7301729715731685	-1.4769217823335257	-1.547684813414389	0.00780121860243568	0.5092853004537676	-0.8661538392490481	-0.09599915350155458	-1.6439154839552255	0.6075661291441309	-1.8179682495221332	0.17260389770993342	-0.014838979547539355	-0.4014623454728451	0.5098496548790244	-2.789449460038224	0.16935154528035729	2.0506745468601655	1.5780608961509595	1.2859046665903457	0.8841612725228994	-0.3611847843825967	-0.348495778576447	-0.4142443486087718	-0.2474149771059503	-1.1557895357650643	-0.2077669007171438	1.4950966118689901	2.059176123832557	-0.1302203788021954	0.07059400124985253	0.20211728893345537	-0.05403789428952134	-0.9109897900036023	1.7366816284469808	0.051906898795677864	0.08594542988239023	-0.8695247027855755	-1.649274337964962	-0.9462638494166686	0.9206545921648499	-0.1415075897980734	-2.3348144288136234	-0.6638493654337552	0.09369209529282378	-0.5486026268804179	0.18431152864076808	-1.0330732692540072	-0.03612277700590725	0.14517327978469194	1.8858390264716585	0.3916958247031929	0.6950185876270064	-1.889218974877524	0.819521477513855	-0.6105138513527623	-0.07078253423775914	0.02246390583925674	-0.08736669131850028	-0.11929604491395446	-1.2066076383370876	-0.5532545074655206	0.626762660198431	2.1308987813429994	0.08306363917257811	-0.27632680221024974	0.055295404562431406	0.5638569120601395	-0.8925896971622761	-0.6238172340501242	-0.03551214325536055	-0.7791576221742414
motif_31	-0.3719671513553729	0.28546116851324493	-1.0271007181090155	0.5788525485187451	-0.8270663726430244	0.9205857978886914	1.6329205888905134	-0.4605104032800274	-0.7165652743707418	-1.4091569732288227	-1.872017907645246	-0.45279627212111473	1.1279029511894487	-0.28869029086437653	-0.650100371898603	0.3236819210058931	2.02836951385315	-0.7110732765619863	1.1377509014182607	-1.7206915665121585	-1.3116554032919767	-0.9792994056822175	0.8529719559679257	-0.8868658212862144	-0.6465562566676162	-0.4128615213561339	-1.6864759053024703	0.8837549616705261	-0.2778786113057654	0.3266982877607986	0.07354292375251684	-0.6232787185876141	0.020145441149298705	-2.4030921102353635	1.2502685091833592	0.5772271525817722	-1.3910992406808063	1.4677082015093788	0.96107708976622	-0.42834608446713934	-1.292622127692649	0.35824434792621296	0.6186594073615701	-0.05955902150135146	0.7308985708163344	-0.11222030652771374	-1.2639426239326077	-0.17447332330195386	0.4247811220952322	-1.0135602091816822	0.3225246816998675	-0.3121446579288729	1.6415569722858487	0.4293621130735762	-0.8769448827317751	0.5389749761990065	0.21388652034528707	0.20144485077448557	0.8776702788510826	1.8892563929971269	0.13837619519964367	-0.06955186458069822	-1.5426043283288118	-0.13308038305531522	0.15200281450736855	-1.4552372375374507	0.0480886273425889	-1.0667937806504724	0.41723153571366717	0.40125195045261	-0.7429154214369501	0.13923104942452366	0.7568871132966739	0.21017402832684917	0.8912726781461047	0.8159652815294519	1.4407221262726857	-1.2748863702188684	0.9732631692613102	-0.9094917345857572	-0.7254154896453776	1.1736006470567861	-0.7198163557461963	1.4177812332121573	0.5453004927891376
motif_32	-0.9640327312765795	0.9735716179987096	-1.665878792999553	-0.25413260964818446	-0.19754614290298902	-1.115681626971955	0.2090095095506287	-2.125999502119141	0.7758610036366159	0.783531287154259	-1.8823913804693961	0.675032971635947	-1.2245002780525425	-0.6737968813846487	0.6650321783261856	-0.8399377384511633	-0.7813603297944719	-0.10189595139351312	-0.5804096256710453	0.4122698690421649	0.901865085878977	-0.02768003601235626	-0.8379834180573168	0.93249027306843	-1.1837317977216972	-0.844883770976557	-0.7905862573267886	-0.05109359341499266	0.009883198304273233	0.34470407239916745	-0.9667784907009062	-0.13410722010549106	-0.0951157797820847	0.9635001160604327	0.7105835839380232	1.064060011760165	-0.1254191594735928	1.659982926065865	0.8521967059535849	1.2011801763769854	0.45708954514180117	-1.2248735629397651	-1.2160534297481644	-1.0379322126266408	-0.21725314852199068	-0.6902130422396817	-0.6583327711483484	-2.2852430505447305	0.6446108286020918	-0.08643068611226976	-1.2088999566697545	-0.9589045888031578	0.3318528605733918	0.3237917902656126	-1.4269455067810042	-0.5231569665903562	-0.5662205035267629	-0.38792174319740297	-0.6287157403510197	-0.5900713974840945	1.2584570447936774	0.3815753933638542	0.5865375202895433	-1.6055071326314536	-0.2177591553322075	-0.03900514937239444	0.8080125217154346	0.6767602747081888	-2.070708423973509	0.2166082452415964	0.968492822455486	-0.6199411608074488	0.6891148054103894	1.8997599725551866	-0.1296636509077714	0.2198651912904652	-1.7622107858756875	-1.1832301945659311	-0.5600227510937522	-0.09222660165882511	-0.4477996563934435	0.43606493282179243	-0.3237384301637405	1.0888938094759981	-0.20301022709768407
motif_33	-0.03474381404514378	1.0618794365004272	1.4401438843282046	-0.6868408730940091	-0.10289085596142802	1.8410171154691157	-0.0289609192554883	-0.5374421093565438	-0.20215070409677352	0.7691794377339611	-2.4160878120186933	-1.1504078180831876	1.1773269174214955	0.587544054397017	-0.6572506136720413	3.0249959150822887	-1.804704697855921	-0.6022055772307549	0.0765478688047669	-1.4490472928159708	-0.8619259991379207	1.3864438954243767	0.1322044775421531	2.9118363598095214	1.2408159378050474	0.18890895852520795	-0.6883165066053848	1.0339822232477762	0.5337684985849434	0.29880826676783223	2.5861725086698897	-0.085040277292006	-2.0370020744400517	-0.5296931565300782	-1.6295186833663031	-1.1146864879638083	0.06289887578522382	0.5426695728614233	-1.00968890127745	-1.7144836147484432	2.360701473626844	-0.2663728509162499	-1.0377237913737007	-1.706937932527193	1.1849270054786414	-2.3793133178608294	0.565814957249337	0.8363876725157031	-3.515810948402999e-05	0.5903262505602622	-0.028097719878262897	-0.26418544700403335	-1.0579200198558567	-0.9508791168084277	0.21619280715265438	0.2629579929451223	-0.27000495795526375	-0.4292902535114436	-0.5571178069744264	-0.2488926133420019	0.3456743603964834	-0.08557242760224358	0.7986533350111261	1.7239919340998424	-0.7449224467026898	0.11349141393764824	1.84019078541605	0.7757487142409928	0.2848432617008329	0.6694758854811462	0.25711760724563054	0.5343228504751517	1.9540933953276043	-0.4695576600598288	1.042505597680688	0.49501476284248247	-1.143567497169887	0.401348737897393	0.7377901898150488	0.44134149508397374	0.9159351889478012	0.04359066078477295	1.356641929795557	0.4748325082448366	-0.029799024139281125
motif_34	1.0024450970945913	0.30679103271148955	-0.18688141836536198	0.35405791451899377	1.0428222372179743	-0.6170086450685496	-0.19608360245837544	-0.02616711888580293	-1.599934302771607	0.396963829254993	-3.0646985670493674	1.5209126598253222	1.7644868966079215	0.36382773091239357	0.17644262422065563	1.7166277775299597	1.2919457475254716	0.6010900710073445	-1.2066936306231928	0.8991243991675026	1.4800972638201353	1.0873187989454043	0.7803675438397596	-0.7888263857633009	0.6796404699931717	-0.43195325368918497	-0.8202321117612718	-2.0128526995840423	0.877386838252189	-1.4687956006857907	0.3520470221187235	0.10304133891296308	-0.2703222451600839	-1.7011096856958006	-2.40113923169166	0.4369897724584801	-0.6268795931995592	-1.0088686597679077	-0.3566033421501803	1.1460072392018874	1.5087188004644088	-0.42614643504820676	1.9001428657950363	-0.19479749612284178	0.048656692760648025	1.642808575604857	0.18376241859980513	-0.3117819418058493	-1.3894163657665193	-0.2148048586046946	1.2703873321482309	0.23649036448341196	2.166171966747	0.9399818657138518	-2.009091441385645	0.7530708168017072	-1.1701214041453902	-0.09984484821344893	0.15189079656211923	-0.8522753939142602	-0.2595728001176566	0.6838218901925024	1.0237031084841681	1.0565593338808001	0.010014638641753582	0.46598316560018	-0.6759620325317978	-1.2888935260994026	-0.18704251219587884	1.237064972168823	1.2818880111474038	0.5734474239497588	-0.7356575883167661	0.5645804019274615	-0.7640736870987457	0.049854649761081254	-0.9108434374290864	0.3960964132053486	0.30270033559218024	0.6819279162934478	-0.20948418480451145	-2.6024236134029692	-0.2590001425231291	-0.24832452008137762	-0.8656508888209199
motif_35	-2.31544101206556	1.1554825793243584	-0.696399484318307	1.1187676725443603	-0.4194027506109517	0.2678162292862907	-1.185264169954898	-0.27937061727227425	-0.8944360912689817	0.12804885862377377	2.1537551577293885	0.26465448150114795	-0.4241920161570063	0.27944730748590874	0.3892278672113544	-0.3963676861340154	1.2712768450262206	-0.014182368513718138	-1.976055941132955	0.44340210988706447	0.9070973428489364	-2.7458459789322602	-2.392104373432178	1.9783147834725032	-0.5973356284561373	2.568512839011182	-1.1559321428180098	0.8204379006627064	-0.2784586577554544	-0.29019804888513445	-0.5886683225891293	-1.2547621956014003	-0.36470300300765074	1.4076752011462434	1.3547513651430836	-1.7711198281283949	-1.1575024654745354	-0.529562580183136	0.4547935955240441	1.7150188022899986	1.3041806418864061	0.10928420261501125	-0.5335442359773039	0.6887527121142937	-0.896952355300556	-0.1905670479334359	1.268521093703809	0.1216981228929365	-0.4456924785728408	0.23142643714716368	0.5038987677805759	-0.7719244183371641	-0.31591368057237895	-1.2231866761820722	-0.5273335873701426	0.05917683098321061	2.1382305202503966	-0.4695701240529078	1.1018775676182766	0.5742425949711074	2.299062378986754	0.6243530725678382	-1.2986743589915584	0.0743912950296599	-0.16180169749196432	1.089955510795186	-0.0019057726802367437	-0.25249745142966235	0.7171571343489637	0.4144303166047381	0.34449258049616277	0.5121347053677053	-1.109728458521798	-0.4660844362794921	0.8410723734286084	0.5924267359548175	0.5258996510147735	0.7566922696178533	-0.08696316387849316	-0.2615027549024907	0.16364480388861458	-0.47618738256228427	0.3619739000934674	1.0925336174810165	1.0172171189682901
motif_36	-0.1422091653441048	0.05881412492468389	-1.730845196712513	-0.09127673915664908	-0.39272992661247913	0.00350013584270584	0.5803481984401186	0.140694516654657	-1.130430146489146	1.0139600053348776	2.483261284540535	-2.382280861298018	0.2281830669982605	-0.31376045949615294	-1.134897545344271	0.33763611613761524	-1.2221575133800484	1.179301085692984	-0.5223005315083051	0.43273097701818736	0.8941505631086947	0.9621168481311588	-0.47914942271549504	-1.8757867844520026	-0.08525682228456982	-0.6556218993020314	-1.1586296044198185	-0.6437995314920067	1.2930388546609808	0.21735998437074544	-2.0790564062333816	-0.4716707592862372	0.589681810102268	-0.995581610961005	2.2779688940465044	1.6840631166999298	0.8381605016371976	-0.5185961501738442	-0.8148380802773422	-2.1617246641670014	-0.24852987393683626	-1.0016282720248253	1.7896259296137098	1.4582629181042632	0.510843855675863	0.4125265186032507	-0.5036989458863043	-0.6709424615478657	-1.0476951059711663	0.982866182491577	0.2701895119107043	1.1993222455962305	-1.0083485212406065	1.709892194400974	2.1827891695507673	0.022195806624213478	0.06576569524402576	-1.2011575972819089	0.9626575972890283	0.2315493052908145	0.10007370959897323	0.038099950728838136	-2.230039363092856	0.7765336619939012	0.5427544586506433	-0.024476014325686607	0.22574838185671664	-0.22488216646007725	-1.8951212679837561	1.286421526329349	0.4352264062415226	0.8606742465362631	-0.9598123621510564	0.1562186481170869	-0.1697595478933953	0.39630415146792286	0.17662684562041603	-1.9499404794816948	1.5147545685882984	-0.817662622271351	-1.7784679582003533	0.24656925411412736	-1.393544228483398	0.2106349793373156	-2.4249731257964937
motif_37	3.4349476998943853	-0.7807351284284465	0.580189176925619	-1.0759954666053477	0.45187087443301277	-0.7972035423898476	0.4914545180283937	-0.4955510543362392	0.35901576953033354	0.003798363248362768	-1.6540581045004954	-0.9960098532232751	-1.1717090608347933	1.4033636457759981	-0.16635652277137344	-1.038695196699543	-0.3934305748766805	0.9659013266818193	-0.4939643044009466	3.366834635037103	-0.18783150023804948	-0.5817831145519827	-0.3712105264700903	-0.19570101574079782	-0.06412468094681613	-0.08364322927433629	0.45970120643893725	2.6573522068485267	0.27602066693097327	-1.9811729266550753	-0.668576793405304	0.2342658434489531	0.45066268577909646	-1.0564258645627145	-0.39021700143346355	-0.07520776168247856	-0.7158032474220503	0.30971683331407174	-0.047898567245655777	-1.1893828190740552	3.081144188768569	-0.0669900696796148	1.0747611097486698	-0.4972068335872558	0.48531451958403554	1.103753760774175	0.3164775321851528	-0.2856468497699964	0.9401973246774759	-0.004800024428578108	0.041806997714551035	0.9529991036407347	-1.3668154251516684	0.8259371535109326	-0.13804286122478263	-0.3785477902936556	-0.4532162302428087	-0.4294830355588879	1.7847222512428145	2.3757619775106202	0.2505859723217416	0.5661119551108472	-0.40727029645758306	-1.0716137717037086	-1.3758670286356056	1.5556354007721669	0.35605668411827573	0.47886041905985977	0.11441468991320912	-0.100429640950583	-1.141152271839986	-0.14126766865338003	0.7122504787142444	-0.7972250606929048	-0.03625178434481854	-0.4359437045025615	3.409104050089644	1.3577140995224255	0.4659336361743623	-2.1054634562436014	0.5870646394571101	-0.5023361959964068	0.6573158008117196	-1.5627384497496197	0.4134241365428031
motif_38	-1.165934130085602	0.03160031744697289	0.5307198752829388	2.182419914757484	1.020683153125029	2.291838499519481	0.40588427432110274	-0.7855893299278061	1.4743315852556507	-1.649911803204492	0.3011646684384038	-0.42083575689868424	-0.9841664406662061	0.3345411985135977	0.011934499083178148	-0.5683112252438276	1.3315305976129652	-0.3272682579660929	-1.7494659169181743	0.36815066525532897	-0.036226167402153196	1.345277171403416	1.8697265950172284	0.0026561720881155835	2.8484485385107905	0.351688393345715	-0.7196285704222545	-0.232469061884998	-1.3688921214785847	0.7030366952290031	-0.625898341709095	1.164358357474234	-1.2364031087077907	1.6584628011789635	-0.7447859373779522	-0.2704665693235789	-0.1462018935741638	-0.5616000144784984	-1.6656552443547274	0.9274774258918911	-0.04824564525285111	0.8695537838501215	-0.9230404294854978	2.910202455825344	1.0597249995909641	-0.43108028797310993	0.3272247340905474	0.4750315536497253	0.11907424296330346	0.06156624116092962	0.04637645262991325	1.9867514455960966	-2.2303001220691283	-2.8202792481038528	-0.0018679147317828618	-1.1562453510969852	1.032658660582249	-0.5244344960852082	0.3196980483061864	1.0388111777032996	1.3882646343016705	0.7005977231077125	0.4248381256748764	-0.19044788781019345	0.7784233779440284	-1.7686033278029325	-1.4528224176254934	-0.10747548652530897	-1.1387807739772846	-0.9821230098074837	-0.3944719542612165	-0.046733242375310124	0.36959783458091783	0.5694008094314571	-0.9727703959476999	1.0065920950148801	0.427734125739242	0.04690753169875216	0.8187906309569281	-0.6732212822905213	1.2319049930945762	0.998637348794897	1.1304222504011394	1.0703867326225462	0.5732019765864247
motif_39	-1.1396528064234082	1.0820057359676676	-1.3203586375691836	-0.8767143945272847	0.9429709399845575	0.028886243417540494	-0.6612955170936188	-0.23745812683678164	0.2797172522233891	-0.5105686673659143	0.967500054407888	0.5146428614627402	0.5375367557245467	-0.24759270384241008	0.8210671647810555	1.254145583320814	0.3446788107566789	-0.25783168195203615	0.3317727657821226	-0.02588596039573419	0.23108086956851887	-0.9948378492848828	-0.5474001160144747	-0.3766828956125659	-0.28215293502145866	1.2023839123101672	1.1520829204692624	-0.6372969180474666	-0.7670001559532827	-1.0195158161822608	-1.7008071942352856	-0.15712230870698207	-0.5920716783909086	0.835511397825538	0.6793422736332855	0.613180547238044	0.5277357583982573	-1.6091316700315186	0.9395839644445994	-0.28498034741223016	0.2720211038383326	-1.5219035311084343	0.3868769926664449	1.4267292574203603	-1.227104952120534	0.6144592275705931	-0.496722277061588	1.395455536169664	0.8526212342642396	0.04090575276839098	0.678698350618294	1.0329784407278049	0.26528131672958155	0.9351065603388969	-2.0845755767291916	-0.38506045910682823	0.9639307735040138	-0.6931034970876644	-0.41486640783416634	-0.6162781679685129	0.43081489307701387	0.6171871050118931	-1.501390663947347	1.8460155783402636	0.10338054430487816	-1.1811359953853888	1.1615939682882124	-0.2244897164418088	-0.8481010013796294	-2.2708577951617275	-1.396129244898808	-0.656965801015811	0.15891408337264165	-2.2516451126464156	2.2697940923471656	-0.2084302266378068	0.26113751229754356	-0.2811048934358164	0.16653514416613302	0.25285185349523476	0.5099625920394468	-0.2358152876285897	0.5333698119791451	-0.41557019602385287	1.0072290377306627
motif_40	-2.420074188022255	0.3030063343046507	1.015298165404094	0.5441358667587999	0.46932281610718823	1.702909749466139	-0.9254393148784616	0.12631628566307654	-1.6694311891261395	-0.39364205519186446	1.174020581158329	1.2965744372987424	0.7798212085780897	0.56883890917441	0.7201298605557527	0.9545987639653917	-2.1034356939326635	-0.09474689580705688	-0.26616318741457295	-0.5886011329400632	-1.1825155779358476	-0.3476280286135521	-0.06251646892693723	-1.4562030552941703	1.1413486104432882	1.7054723192676178	0.2725240970006368	0.9708853369231956	1.0235720962190424	-0.562293386721706	-0.4362741760242708	-0.14466181311402612	1.8354284156554284	1.2268635024380903	-0.3476808733674776	-0.7911568132429504	0.5461983212199757	0.3998989979556999	0.045123190118151586	-0.18611149770521787	1.2555736975386629	1.693005768732726	-0.3486955780169634	-1.1832666007551094	0.8750038987492135	1.43089607640131	-0.5362513224782063	0.7108144325744047	1.033950689039393	-0.6685903471668868	-1.4392722924042558	1.2490364198590316	1.6249925207665656	0.4944376845338337	-0.0940728592776706	1.105930099816	-0.942266801929274	-0.34941234299123636	-0.6491425895144933	-0.41376743956922896	0.8415157133227956	-0.7555322158389276	-1.0349039774651712	-0.9656844181623608	0.31756745762827965	-0.4700612133051733	0.47583326559734507	0.6837584000593903	0.6695597014984626	0.19333271463216156	-0.06232560987468013	-0.8654203247995467	0.19243579669756017	-2.134567454360946	0.5959285656960043	-0.20348440220437242	0.6857241665229012	2.331636773954206	0.02950187940871347	-0.7101444207726612	0.20793962902887497	-0.6446691671364374	0.430793224765529	0.3226345016544148	0.40743085216072555
motif_41	-0.5492945147030075	-0.12318967618315496	0.426893995012887	0.08814354088049096	-0.061855133678303365	-0.7691783593652214	0.06764334846642635	-1.132779181202189	2.666855623444912	0.9048413871965233	0.8572679042993249	3.2523696150683143	0.3310905836378362	-0.45405053754867153	-0.4513717687819078	0.8838820508115898	-0.4296450289241373	-0.8004872122938662	-1.3732334795126704	1.1000618636714887	0.26168953248261856	1.1196658596827926	-0.23163738112530566	0.9875490342973413	0.25964530348872433	-0.22516518939062344	1.2598950050162683	-0.501161893005255	-0.0698534070884809	1.5960436713731572	-0.5652444594296928	0.25378894245695127	-1.102999535633563	-0.4535096477541197	-1.3528784370727884	0.8134209104424776	-0.6163331743448404	-0.15536394012298463	1.1769056267280498	-0.614637810199019	-2.9187371237938167	-0.932087117484631	-1.4400845909526059	-0.17947317062587467	0.9384448419344446	-1.311505722699928	0.857655120660381	1.0861394029591422	-1.8674846733492092	-0.2834542042724278	-0.07539020028688956	-1.3189519250113724	0.19163560133007593	0.4408298526595948	-1.8605654229527229	-0.22688060528072182	0.5802044164064162	0.33220636021674615	-0.49281432518673274	0.1332136779391135	-0.21855094914758993	0.18555718675630317	0.6538136533842401	-0.5945809559170373	-0.6697694431037285	0.3755333650883196	1.1122159534813305	-0.14282504209480787	-0.7865839430636443	-0.004246726958322327	0.8927402559402274	0.07327999579928389	1.0390004026727626	0.3531899346574836	1.4105690090535028	-1.0909496390497904	-2.091822170462585	-1.6978689862920462	-0.30052077894447826	0.7188031658114298	0.4584050097745706	-0.42802981351760844	0.38869728481912635	-0.2040244167930161	1.8269575550200041
motif_42	0.46070407482199427	-1.522182196160496	-1.212476936212128	-0.43655622018735335	0.6596151819315061	-0.8956730330954611	0.13270199517909775	-1.1411696534877391	2.089369230356566	1.808275703364543	-2.041866200749428	0.3388300273924278	-0.20611760903994075	0.26913127794449465	-0.9706490301475001	-2.165002504335553	3.5499052060306604	-1.7544677797479808	-1.4341380300965831	-0.547478795112736	0.24967948826640488	-2.841604265749056	1.0253481888693181	1.492446969234063	-0.4556837543685936	0.0524219861016094	-0.8234560889217121	0.758879909822588	0.8642518589451106	1.083351430629001	0.28934733476872837	-0.7964078241410923	-0.520519524988513	0.35801363261455094	-0.6195412755718336	-0.5235593560159244	-1.1969383923490675	0.11857188309891568	0.8641404410105615	-0.20449206490170213	1.2708276214981666	-0.34778882616101725	-2.4124646831349468	0.2453295637143645	1.019092134417445	1.5787630699190793	-0.32362860755845796	-1.1989371894934546	0.8279471071823998	-1.1878428623561796	0.25202744858586124	-0.3238779608067728	-0.9737959048669241	0.11548677158643925	-0.4661932199547202	0.22873518235155477	-0.08661881994617864	0.013213708033355621	2.1220989024201464	-0.5597660197779224	-1.0626008002331706	0.19777779544557894	0.2640044271310919	0.19389510664991827	0.09406011023969421	-0.7919622643701785	1.48998657018341	0.6228197928831263	-1.6904772155720365	-0.4917782213480824	0.3037896838443839	0.43048133474178263	0.7797813168335328	1.269847525569189	0.507202591237914	-1.2929763456794228	1.2671228341761744	-0.36437961803991525	-0.3436598093445177	-0.13323564871045154	1.8173386472155109	-1.054662807607457	-0.4956898423649182	0.4210250205332407	1.947327592600261
motif_43	-1.1172544828496234	2.1475523766337647	-0.8353074741205739	-1.9799092785834258	-0.38159537763834944	-0.3591794005637386	0.11356510213993622	-0.22159039573359995	2.140139548783615	-1.486273863882541	0.5214107561868083	-1.98902813127655	1.069062765802488	-0.07397971215806783	0.37719013930443435	-1.0067663310654396	1.586149651242654	0.19405632304989012	-0.6193759902696397	0.2057859780866257	0.2879530190926389	0.06077963605727096	-0.8506301807663791	-0.4437514047254764	1.3882224407554182	-0.1577045460532289	0.48932194309410126	1.3589233481042604	0.7190298656743025	-1.2628938246985637	-1.385342287749165	0.9822101309601161	-1.090330524383151	0.034173705182599684	0.33093642454531497	1.0923736344424169	-1.0374083282763773	0.7964083562740185	0.62469331175345	-1.3358674780205686	1.1660869792648092	1.243489757560442	0.7568995307469891	0.28166247380044157	0.8633539361263326	2.2940509782587806	-0.7800162083796022	0.3298535309501659	-1.924378942473938	0.5915947424580392	0.3060222267707109	-0.6964406377950932	-1.9667547889042911	0.6427404733022282	-0.8047037173810111	-2.7761259249301737	-2.3584012026756276	1.1570034002142502	0.12986264890625213	-1.0254171972099753	-0.03209242279420159	-1.8168168092824961	-0.2936165671223281	0.4918513628694257	0.28096081577489784	0.7202671948829977	-0.8471489184232192	-1.552807938886746	-2.0696792845790197	-0.9384844864161316	-1.5695649045627735	0.16341219680328464	-0.6561151850955507	0.28273987055968963	0.273780691768766	0.7518430093374331	-0.8454495315404968	-1.104066930082441	0.6427179518672639	-1.1488955278336324	-0.13879214068773835	0.16087384670581925	0.5712186941506414	-0.9659321006651579	-1.2437986051847645
motif_44	1.3879476724297595	-1.6254240201257915	-0.2612310242061793	0.19629993805901974	-1.2389654501894594	1.1731791425289406	1.5254479877590983	-1.0011312700145898	-0.9747993142374756	-1.0038105829178618	-1.4944270504290602	-2.0241670587012197	-0.13013806330874478	1.116995850557558	0.11281239232042779	-0.14334697082279793	0.9066122458930759	-0.5048910581812333	-1.907716965451979	1.4423607121216975	0.9092360438246256	0.36921530253666857	-0.5696955731779131	-0.8176248301208037	0.14067597681921878	-0.38330721585293	0.787783310181668	0.1276492139556919	0.09147169108088804	1.848344245895007	0.14767837011939824	0.11608515272038226	1.4381985496302356	0.6709830964693482	-0.8203724828044733	-0.3149574067065162	-1.9369759908784085	-0.5959518794178901	-2.5855460268292223	-0.5873251120467242	1.7642106857529714	-2.51649884980819	1.3457597589130441	1.094275010037994	0.8448231818605368	0.8345166176033076	-0.321781752813489	-0.6073125897856134	-0.44566136647374505	0.01289437057663437	-1.7024628340458774	-2.008543814615317	0.12475694002085949	-0.8626955172794497	-1.8376352470436879	0.19921092208334143	-1.0888406767734173	-1.124946590528521	0.5138566524675388	-0.42176929933971374	0.029798798401901107	0.6124371830736679	0.09634339914743467	2.1910712959778236	-0.8802567270897341	-0.3900599333195662	-0.576218499857582	2.0482874407492337	-0.07069443254817562	-0.1879764276992372	-0.16813449061408223	-0.12260320763704606	0.810415263843898	0.0013482998854259527	-0.021015924138517345	0.9345299321212883	-0.9223423338054162	-0.07244981280853252	1.127621751449163	-0.41280685907758363	0.19082923728988294	-2.5291922033433614	0.6031105522109087	-0.15966957748408545	0.6537003449942662
motif_45	-1.5396371025922848	0.669985390389674	-0.3684038049187441	0.3543590178542737	0.11156592426073315	-1.3593132737563578	1.12004886716792	-1.618695003072511	0.48322754260689066	0.7652711284667105	0.44153301816071205	-1.2066599304732881	-1.2420746845731327	-1.7187979143620324	-1.2677787765211208	-0.9214713439866377	0.5111344610005549	0.1931958345861789	0.9919832911430304	0.8754480385830344	0.16776945321425332	1.3242685410975454	-3.0507744196592763	-0.054268978938609026	0.29672168801776516	-0.1694608313094307	-0.0025546911889985065	0.09361508352837858	0.1682925516036542	1.0621559015862077	0.9256256761127019	-1.5920722079134533	-0.06391894037284883	0.11427902726064437	0.03798561592911337	0.4773813860643023	0.21990026148016328	0.3590876778212714	-0.9802626157525186	0.11945367417972247	0.58769815134356	2.096281200820142	-0.19979031077122053	0.6138530865385482	-0.71341763279307	-0.6709441633037625	-0.8119208240474778	-0.4820917710287611	0.4173406167345077	0.09101438278080375	-0.36218796076493015	0.35377409435116464	1.4070614245876019	0.22000152762160738	2.15547493133221	-1.1297545528848025	0.6561090598798593	0.4514237436701994	-1.00077351800715	-1.1188641990628647	-0.5240757036420317	-0.5171785649889292	0.9894672659217899	0.5389167054624022	0.43529320655231174	-0.369803278077043	-2.072826005491213	0.9055550809859478	-1.9939360666951045	0.9604181206534874	0.9739748107506914	2.273511185668657	0.4482283508771405	1.5250283783879939	1.2881284365029466	0.6897354161268807	-0.8144745250644083	-0.2243884504671337	-1.4095059359555437	0.35626395614641376	1.0347746290626492	0.0031740555347720754	0.8790095858291881	-1.0611480062493663	-2.633656062907546
motif_46	-0.49592015524115346	-0.18775751484902084	1.621957874889488	0.4230551022079027	0.06572103040054415	-0.5512132284704229	-1.0556391510457144	0.9475875936319469	-1.395068034735832	-0.1363319858627505	1.4339305299725276	-1.2253801581530623	0.4177360278639489	1.0306817997707942	-0.8480548052359766	-3.094404471149695	-1.0335351879432384	-1.0738553944490334	-0.031638833885844694	0.018320438373131624	-1.5281816205695626	0.36620630604207094	1.511490240245964	-0.7029465643144447	-0.1880513565085239	-0.6802856201400812	-0.35670770260186235	-0.7516474408216167	-0.4267125922015079	0.6119749320242395	0.9098406117948808	0.644436321695296	-2.3542338494821817	1.0244270558044064	0.7270619017965704	1.3630860244636482	-2.658291392127857	0.39182939163157926	-0.6527239493434522	0.3442678660630189	-1.375332765816172	1.7930640577082748	1.477453255705048	-0.6825139031295119	-0.329857773479395	2.433687620061633	0.6008548393466863	-1.4938602420626494	1.2167872638112394	-0.6604398588726661	-0.4850067417285167	1.0352544537480306	1.763197160464405	1.4953344441952203	0.8728829597015062	-0.0019934035007089642	-0.5103195196931407	-0.41180104002019263	-0.9001570515372774	-0.04941684598258091	-0.7936041661756699	0.9055554082252891	0.9692814334720431	1.5333189125905347	-0.6149445763299903	-1.2147967784951987	0.6486693118798772	-0.09240535482144031	0.0993756160900134	-0.031169807544649958	0.8163510679943833	-1.3931088199440798	1.4547581252137225	-0.07553923084924088	-0.8607711229302516	1.286119131518314	1.487385306937666	0.6921735949653842	1.1028103838071295	-1.5467345212077335	0.2260882497208981	-0.4379199079458536	-1.2264444502878875	0.026697785496460014	-1.1038995077409905
motif_47	-0.349483921402513	0.1987642767404698	-1.1984150370753317	0.17512268971058365	-0.44930295319757313	1.1161691224644492	0.1607932485270944	0.8952021537147716	0.6325988748339665	-1.2905731329112295	1.7331449105466783	1.4674572828645407	-0.078224917261725	0.1768735005510581	-0.027182915642778513	0.1725874451090205	0.1754351050360918	1.0794727348483277	0.7431235256612155	-0.07848224645345926	0.8414198114359329	0.6338262427482946	-1.440991172640631	-2.4704488435960914	0.46453919946249134	1.4017425592424384	-2.2568456491467117	0.5024422013977686	-0.4489636192046439	-0.18031236502224085	0.03329092065312722	0.7274332433690813	-2.1244212136809235	-0.2154217864760036	-1.0778429969057246	-0.09917565987149453	-0.29399496931223595	0.33913366428475583	-0.704324365354304	-1.107005105862805	-0.8890461836880846	-1.4260964475465863	-1.5264015699267475	-0.4342730119300081	-0.23865823965225627	1.5416525061117168	-0.10052779613717189	-0.19146010565168045	-0.5336087132361587	-1.5601877008358098	1.394051216318595	-0.6573993322754056	0.7851981153450858	-0.2894780243079412	0.12463012711613483	-1.2136938650140292	1.427414186918985	-0.896720964364973	-3.171147573746407	0.21818749364088214	3.10586402361247	0.0709638958508612	0.920883132538216	1.1935873960343915	0.5652367358645735	-0.9411873659060563	-0.5335543516330835	0.936765205816446	-0.11268485109125566	-0.33139858509287595	1.1747312247457922	-1.2528771159473668	0.48469918427147896	-1.2706327208728112	-0.060175552807797066	0.2862938555442152	0.36113635093228696	0.30063433982290416	0.10069911146259061	-1.2644625354969425	0.10060644683586564	1.216566681487462	0.2325255769549337	0.09778983399630377	-0.2843981908020131
motif_48	-1.417101293754501	0.39632373550258815	-1.2012655146002233	-0.4324109564174318	-0.006076797878058075	0.1212453789205797	0.5741180905681431	1.2277262370943514	-0.22162844112697463	0.08489173712984396	0.18091573065712127	-2.0699574873837907	-0.4915889763837307	0.5047294940189171	0.2948409837578198	0.418625007532018	-0.20798783606676566	-0.0876895673241381	-0.36093443712376133	1.4110070577007332	1.7871182314337377	-0.13412370335270427	-0.5786935244570492	0.05678179007534737	0.9967036646948825	-0.3390755658319003	-1.291562216457672	0.9296805245995545	-0.6628708932856217	-1.0137748569703486	0.8360880385771772	0.016921861461529564	-0.3198995357775531	0.7706918998644967	0.09260031387758069	-0.318964009725444	2.518573111418413	0.8663974806819689	1.1871866263523645	0.9829300226760179	2.672256797965876	-0.3364142879730784	0.11215202521309973	0.4092950273198513	0.2330214993201133	-1.2367215956358193	0.834049160417062	-0.5908816413947359	0.35669711032897466	0.8958604400548785	-0.446317001271442	-1.5531189822431697	0.1003162194684763	0.1286237252681529	-0.07606350920793782	-0.4225877830711253	0.7303296097155922	0.14199029531230153	0.2732715997977589	-0.9239845404210953	0.49231469018585833	-1.0871683758990835	0.044257064547043215	-0.29980628734689746	-0.44471503064757884	1.3608564445324782	1.1393305071877944	-0.9371897306342925	-0.7576656244535076	0.5049804014008419	-1.3924650730791506	-1.1553609693840505	-0.8754506240908166	-0.31631281941238704	-0.3995337816543196	1.9386200702722052	0.9866909133505871	-0.24091687433114412	-0.25378249521540835	-0.05694016933265668	0.6504609002636611	-1.5835808865418695	-0.49641973009116025	-0.9360717459159107	1.4222702890021692
motif_49	0.06230478315389577	-0.8009587283222931	0.033240872329202684	0.9977639546857023	-0.4109028643161155	-1.0955963556092796	0.17549352485687064	-0.47470226472491417	-0.7111137535724819	0.2489657562173544	0.04456278954258426	0.26801776809502653	0.9870295123838942	1.323147388124299	-0.40894512135051125	-0.3015864989737924	-0.05127679823872189	-0.23552027270633893	-0.26199636434414725	-1.6599418099026397	1.2327915381124057	0.1638025645449202	0.04097222283893004	0.417046639070719	-2.1498811976724435	0.8760502023840262	1.185070994656318	0.5014369311128481	-0.34071739091294156	-1.1084522586417622	0.4596703273665804	0.9714309009353544	0.365496981080063	0.2787836882431414	-0.5731037990707415	0.5474911826461815	-0.3400015131649755	0.6061161499057497	0.8266637237083609	0.6523747286768387	-1.0736309037876357	-0.38415379234700375	-2.1410462256100833	-0.19937447459901073	-0.030070422514524933	-0.6297907939544893	-0.11125550366111162	-3.312822093909524	-0.27917947603337906	0.08529038132074411	0.6631729147414793	-1.3478808975299612	-0.13386030635308344	-0.2037350619754919	-1.2527398406246273	-0.1613719531471027	0.803239522523152	-0.24478346504181467	-0.2975025478656754	0.9777177552894493	0.18381992222066196	1.6413243222737262	0.27593077414972694	0.86917786237982	0.04669180915794973	0.4791382824837936	-0.726214950112227	0.49579380241678495	0.017891542468688532	0.8655402889742216	2.263310614682428	0.31381054720002605	-0.5805472883675605	-1.276691173003731	-0.6929887856756365	0.7324596419898824	0.4699853617930532	1.5641553503185084	-2.1188698019071293	-0.49067242803821143	1.3779571804180704	0.77584934735151	1.2502427631977644	-0.06835914285271427	0.7451194582381764
motif_50	1.0581933195691335	-1.3747176969473351	0.3490931216092465	-1.4113063722414436	-0.24615388124980198	1.1240702126241395	-0.47359955723693586	1.4541669576481464	-0.5247690345656931	0.4080699227478534	2.0678500653838094	0.641040709911188	-0.6566694815482668	-0.7341231596984767	-0.5333066858133563	-1.2692832169778705	-0.4742419515389224	0.5963784916091468	0.07640275415202383	0.5167005800002432	-0.2911740638987258	-1.8566583838249853	1.968416979957652	0.5029703221937002	0.743769957467289	0.7585853511082941	-0.8906425148906998	-1.0369248269662024	0.2665348368935531	-0.2781432876091525	0.22326559667304455	0.5723641478892223	0.08282512274298588	2.0957557614150755	0.9536551762916954	1.5387368519617883	-0.7684388790263439	-1.0629633604890445	-1.301921104727947	1.1716811048435636	-0.6403951834558803	-0.31574286303910715	-1.9420453216246223	0.18728076861231713	0.7884332836184009	1.9053819248399146	-0.9063539050384943	1.6286074249016003	0.576376787212563	-1.7914451254388395	-0.1926874656778152	-0.29511224074121084	-2.1594508639910868	-0.7489990475942409	-0.9034337373863617	-0.21403871745591932	0.5839833734112589	-0.6467833428865291	1.280745068810306	0.38125228443163856	1.9649737211314844	1.3722558718735245	0.718405563704419	-1.0703248127405631	0.0453842554472544	-0.18245931510213062	-0.5883653230487269	1.7092972294720492	0.1326250954637905	-0.00734044422317147	-1.5527357734732898	-0.13439994539236644	0.9885078292964848	-0.4735538584860607	1.3598126047545755	-0.6843786699677201	-1.6292237189377528	1.0916959515497164	1.1036420444309176	-0.325477537490819	-0.37550041348799995	0.7851800094640669	-1.0766481228026883	-0.24529402384037327	0.3059556254673327
